{"cameraMode":{"drawMode":0,"name":"Shaded","section":"Shading Mode"},"sceneLighting":false,"audioPlay":false,"sceneViewState":{"showFog":true,"showMaterialUpdate":false,"showSkybox":false,"showFlares":true,"showImageEffects":true,"showParticleSystems":true,"showVisualEffectGraphs":true,"m_FxEnabled":true},"in2DMode":false,"pivot":{"x":1.3936614990234376,"y":7.829951286315918,"z":47.298004150390628},"rotation":{"x":-0.23207445442676545,"y":0.028298869729042054,"z":-0.006753399968147278,"w":-0.9722654819488525},"size":103.07548522949219,"orthographic":false}