{"cameraMode":{"drawMode":0,"name":"Shaded","section":"Shading Mode"},"sceneLighting":false,"audioPlay":false,"sceneViewState":{"showFog":true,"showMaterialUpdate":false,"showSkybox":false,"showFlares":true,"showImageEffects":true,"showParticleSystems":true,"showVisualEffectGraphs":true,"m_FxEnabled":true},"in2DMode":false,"pivot":{"x":3.9825305938720705,"y":0.9075255393981934,"z":74.76712799072266},"rotation":{"x":0.26955652236938479,"y":0.25992733240127566,"z":-0.07582513988018036,"w":0.9241467118263245},"size":0.8726475834846497,"orthographic":false}