{"cameraMode":{"drawMode":0,"name":"Shaded","section":"Shading Mode"},"sceneLighting":true,"audioPlay":false,"sceneViewState":{"showFog":true,"showMaterialUpdate":false,"showSkybox":true,"showFlares":true,"showImageEffects":true,"showParticleSystems":true,"showVisualEffectGraphs":true,"m_FxEnabled":true},"in2DMode":false,"pivot":{"x":0.4300000071525574,"y":1.0477182865142823,"z":11.994338035583496},"rotation":{"x":0.007254110183566809,"y":0.9887435436248779,"z":-0.14065484702587129,"w":0.05076379328966141},"size":1.3398537635803223,"orthographic":false}